grok_id;nombre_archivo_original;nombre_es;nombre_latino
2;ID 2 – Aloe vera (Aloe vera).jpg;Aloe vera;Aloe vera
3;ID 3 – Árnica (Arnica montana).jpg;Árnica;Arnica montana
5;ID 5 – Bardana (Arctium lappa).jpg;Bardana;Arctium lappa
6;ID 6 – Boldo (Peumus boldus).jpg;Boldo;Peumus boldus
7;ID 7 – Caléndula (Calendula officinalis).jpg;Caléndula;Calendula officinalis
8;ID 8 – Cardo Mariano (Silybum marianum).jpg;Cardo Mariano;Silybum marianum
9;ID 9 – Castaño de Indias (Aesculus hippocastanum).jpg;Castaño de Indias;Aesculus hippocastanum
11;ID 11 – Diente de León (Taraxacum officinale).jpg;Diente de León;Taraxacum officinale
12;ID 12 – Echinacea (Echinacea purpurea).jpg;Echinacea;Echinacea purpurea
13;ID 13 – Eleuterococo (Eleutherococcus senticosus).jpg;Eleuterococo;Eleutherococcus senticosus
14;ID 14 – Eucalipto (Eucalyptus globulus).jpg;Eucalipto;Eucalyptus globulus
15;ID 15 – Frambuesa (Rubus idaeus).jpg;Frambuesa;Rubus idaeus
16;ID 16 – Ganoderma (Reishi) (Ganoderma lucidum).jpg;Ganoderma (Reishi);Ganoderma lucidum
17;ID 17 – Ginkgo Biloba (Ginkgo biloba).jpg;Ginkgo Biloba;Ginkgo biloba
18;ID 18 – Ginseng (Panax ginseng).jpg;Ginseng;Panax ginseng
19;ID 19 – Gordolobo (Verbascum thapsus).jpg;Gordolobo;Verbascum thapsus
20;ID 20 – Hamamelis (Hamamelis virginiana).jpg;Hamamelis;Hamamelis virginiana
21;ID 21 – Hipérico (Hierba de San Juan) (Hypericum perforatum).jpg;Hipérico (Hierba de San Juan);Hypericum perforatum
22;ID 22 – Jengibre (Zingiber officinale).jpg;Jengibre;Zingiber officinale
23;ID 23 – Lavanda (Lavandula angustifolia).jpg;Lavanda;Lavandula angustifolia
24;ID 24 – Llantén (Plantago major).jpg;Llantén;Plantago major
25;ID 25 – Malva (Malva sylvestris).jpg;Malva;Malva sylvestris
26;ID 26 – Manzanilla (Matricaria chamomilla).jpg;Manzanilla;Matricaria chamomilla
27;ID 27 – Melisa (Melissa officinalis).jpg;Melisa;Melissa officinalis
28;ID 28 – Menta (Mentha spicata)  Versión Científica F2.jpg;Menta;Mentha spicata
29;ID 29 – Muérdago (Viscum album)  Versión Científica F2.jpg;Muérdago;Viscum album
30;ID 30 – Olivo (Olea europaea)  Versión Científica F2.jpg;Olivo;Olea europaea
31;ID 31 – Pasiflora (Passiflora incarnata)  Versión Científica F2.jpg;Pasiflora;Passiflora incarnata
32;ID 32 – Pensamiento (Viola tricolor)  Versión Científica F2.jpg;Pensamiento;Viola tricolor
33;ID 33 – Pino Silvestre (Pinus sylvestris)  Versión Científica F2.jpg;Pino Silvestre;Pinus sylvestris
34;ID 34 – Rabo de Gato (Sideritis scardica)  Versión Científica F2.jpg;Rabo de Gato;Sideritis scardica
35;ID 35 – Regaliz (Glycyrrhiza glabra)  Versión Científica F2.jpg;Regaliz;Glycyrrhiza glabra
36;ID 36 – Romero (Rosmarinus officinalis)  Versión Científica F2.jpg;Romero;Rosmarinus officinalis
37;ID 37 – Salvia (Salvia officinalis)  Versión Científica F2.jpg;Salvia;Salvia officinalis
38;ID 38 – Sauco (Sambucus nigra)  Versión Científica F2.jpg;Sauco;Sambucus nigra
39;ID 39 – Tila (Tilo) (Tilia cordata)  Versión Científica F2.jpg;Tila (Tilo);Tilia cordata
40;ID 40 – Tomillo (Thymus vulgaris)  Versión Científica F2.jpg;Tomillo;Thymus vulgaris
41;ID 41 – Tribulus (Tribulus terrestris)  Versión Científica F2.jpg;Tribulus;Tribulus terrestris
42;ID 42 – Tulsi (Albahaca Sagrada) (Ocimum tenuiflorum)  Versión Científica F2.jpg;Tulsi (Albahaca Sagrada);Ocimum tenuiflorum
43;ID 43 – Uña de Gato (Uncaria tomentosa)  Versión Científica F2.jpg;Uña de Gato;Uncaria tomentosa
44;ID 44 – Valeriana (Valeriana officinalis)  Versión Científica F2.jpg;Valeriana;Valeriana officinalis
45;ID 45 – Verbena (Verbena officinalis)  Versión Científica F2.jpg;Verbena;Verbena officinalis
46;ID 46 – Vid Roja (Vitis vinifera)  Versión Científica F2.jpg;Vid Roja;Vitis vinifera
47;ID 47 – Yacón (Smallanthus sonchifolius)  Versión Científica F2.jpg;Yacón;Smallanthus sonchifolius
48;ID 48 – Yerba Mate (Ilex paraguariensis)  Versión Científica F2.jpg;Yerba Mate;Ilex paraguariensis
50;ID 50 – Brahmi (Bacopa monnieri)  Versión Científica F2.jpg;Brahmi;Bacopa monnieri
